[{"User":"user1","Post":"post1","Comments":[{"Comment":"comment1","User":"user1","TimeList":["2023-05-17 07:47:58"]}],"Title":"title1","TimeList":["2023-05-17 07:47:58"]},{"User":"user1","Post":"post1","Comments":[{"Comment":"comment1","User":"user1","TimeList":["2023-05-17 07:47:58"]}],"Title":"title1","TimeList":["2023-05-17 07:47:58"]},{"User":"user1","Post":"post1","Comments":[{"Comment":"comment1","User":"user1","TimeList":["2023-05-17 07:47:58"]}],"Title":"title1","TimeList":["2023-05-17 07:47:58"]},{"User":"user1","Post":"post1","Comments":[{"Comment":"comment1","User":"user1","TimeList":["2023-05-17 07:47:58"]}],"Title":"title1","TimeList":["2023-05-17 07:47:58"]},{"User":"user1","Post":"post1","Comments":[{"Comment":"comment1","User":"user1","TimeList":["2023-05-17 07:47:58"]}],"Title":"title1","TimeList":["2023-05-17 07:47:58"]},{"User":"user1","Post":"첫글","Comments":[],"Title":"첫글","TimeList":["2023-05-17 20:24:57.722773800"]},{"User":"88","Post":"첫글","Comments":[],"Title":"첫글","TimeList":["2023-05-17 20:24:59.875291400"]},{"User":"user1","Post":"테스트","Comments":[],"Title":"테스트","TimeList":["2023-05-17 21:05:22.255309300"]}]
